"ID_area","ID_competencia","Idioma","ID_nivel","ID_nivelCompetencia","Texto","Verbo"
1,1,"Español",1,1,"Identificar mis necesidades de información, encontrar datos, información y contenidos a través de búsquedas sencillas en entornos digitales.","Identificar"
1,1,"Español",1,2,"Encontrar cómo acceder a estos datos, información y contenidos y navegar entre ellos.","Encontrar"
1,1,"Español",1,3,"Identificar estrategias personales de búsqueda sencillas.","Identificar"
1,1,"Español",2,1,"Identificar mis necesidades de información, encontrar datos, información y contenidos a través de búsquedas sencillas en entornos digitales.","Identificar"
1,1,"Español",2,2,"Encontrar datos, información y contenidos a través de una simple búsqueda en entornos digitales,","Encontrar"
1,1,"Español",2,3,"Encontrar cómo acceder a estos datos, información y contenidos y navegar entre ellos.","Encontrar"
1,1,"Español",2,4,"Identificar estrategias personales de búsqueda sencillas.","Identificar"
1,1,"Español",3,1,"Explicar mis necesidades de información.","Explicar"
1,1,"Español",3,2,"Realizar búsquedas rutinarias y bien definidas para encontrar información, datos y contenidos en entornos digitales.","Realizar"
1,1,"Español",3,3,"Explicar cómo acceder y navegar por ellos.","Explicar"
1,1,"Español",3,4,"Explicar estrategias personales de búsqueda rutinarias y bien definidas.","Explicar"
1,1,"Español",4,1,"Exponer necesidades de información.","Exponer"
1,1,"Español",4,2,"Organizar búsquedas de datos, informaciones y contenidos en entornos digitales.","Organizar"
1,1,"Español",4,3,"Describir cómo acceder a estos datos, informaciones y contenidos y navegar por ellos.","Describir"
1,1,"Español",4,4,"Organizar estrategias de búsqueda personales.","Organizar"
1,1,"Español",5,1,"Responder a necesidades de información.","Responder"
1,1,"Español",5,2,"Aplicar búsquedas información para obtener datos, informaciones y contenidos y navegar por ellos.","Aplicar"
1,1,"Español",5,3,"Mostrar cómo acceder a esos datos, informaciones y contenidos y navegar por ellos.","Mostrar"
1,1,"Español",5,4,"Proponer estrategias de búsqueda personales.","Proponer"
1,1,"Español",6,1,"Valorar las necesidades de información.","Valorar"
1,1,"Español",6,2,"Adaptar mi estrategia de búsqueda para encontrar los datos, informaciones y contenidos más apropiados y navegar por ellos.","Adaptar"
1,1,"Español",6,3,"Explicar cómo acceder a estos datos, informaciones y contenidos más apropiados y navegar por ellos.","Explicar"
1,1,"Español",6,4,"Disponer de varias estrategias de búsqueda personales.","Disponer"
1,1,"Español",7,1,"Plantear soluciones para problemas complejos con poca definición que están relacionados con la navegación, la búsqueda y el filtrado de datos, informaciones y contenidos digitales.","Plantear"
1,1,"Español",7,2,"Utilizar mis conocimientos para contribuir a la práctica y el saber profesional y para la orientación de otros a la hora de navegar, buscar y filtrar datos, informaciones y contenidos digitales.","Utilizar"
1,1,"Español",8,1,"Plantear soluciones para resolver problemas complejos con la interacción de factores diversos que están relacionados con la navegación, la búsqueda y el filtrado de datos, informaciones y contenidos digitales.","Plantear"
1,1,"Español",8,2,"Proponer nuevas ideas y procesos al sector.","Proponer"
1,1,"Inglés",1,1,"identify my information needs, find data, information and content through a simple search in digital environments.","identify"
1,1,"Inglés",1,2,"find how to access these data, information and content and navigate between them.","find"
1,1,"Inglés",1,3,"identify simple personal search strategies.","identify"
1,1,"Inglés",2,1,"identify my information needs.","identify"
1,1,"Inglés",2,2,"find data, information and content through a simple search in digital environments.","find"
1,1,"Inglés",2,3,"find how to access these data, information and content and navigate between them.","find"
1,1,"Inglés",2,4,"identify simple personal search strategies.","identify"
1,1,"Inglés",3,1,"explain my information needs.","explain"
1,1,"Inglés",3,2,"perform well-defined and routine searches to find data, information and content in digital environments.","perform, routine"
1,1,"Inglés",3,3,"explain how to access them and navigate between them.","explain"
1,1,"Inglés",3,4,"explain well-defined and routine personal search strategies.","explain"
1,1,"Inglés",4,1,"illustrate information needs.","illustrate"
1,1,"Inglés",4,2,"organise the searches of data, information and content in digital environments.","organise"
1,1,"Inglés",4,3,"describe how to access these data, information and content, and navigate between them.","describe"
1,1,"Inglés",4,4,"organise personal search strategies.","organise"
1,1,"Inglés",5,1,"respond to information needs.","respond"
1,1,"Inglés",5,2,"apply searches to obtain data, information and content in digital environments.","apply"
1,1,"Inglés",5,3,"show how to access these data, information and content and navigate between them.","show"
1,1,"Inglés",5,4,"propose personal search strategies.","propose"
1,1,"Inglés",6,1,"assess information needs.","assess"
1,1,"Inglés",6,2,"adapt my searching strategy to find the most appropriate data, information and content in digital environments.","adapt"
1,1,"Inglés",6,3,"explain how to access these most appropriate data, information and content and navigate among them,","explain"
1,1,"Inglés",6,4,"vary personal search strategies.","vary"
1,1,"Inglés",7,1,"create solutions to complex problems with limited definition that are related to browsing, searching and filtering of data, information and digital content,","create"
1,1,"Inglés",7,2,"integrate my knowlede to contribute to professional practice and knowledge and guide others in browsing, searching and filtering data, information and digital content.","integrate, guide"
1,1,"Inglés",8,1,"create solutions to solve complex problems with many interacting factors that are related to browsing, searching and filtering data, information and digital content.","create"
1,1,"Inglés",8,2,"propose new ideas and processes to the field.","propose"
1,2,"Español",1,1,"Detectar la fiabilidad y seriedad de fuentes comunes de datos, información y sus contenidos digitales.","Detectar"
1,2,"Español",2,1,"Detectar la fiabilidad y seriedad de fuentes habituales de datos, información y contenidos digitales.","Detectar"
1,2,"Español",3,1,"Realizar análisis, comparaciones y evaluaciones de fiabilidad y seriedad de fuentes de información, datos y contenidos digitales bien definidos.","Realizar"
1,2,"Español",3,2,"Realizar análisis, interpretaciones y evaluaciones de datos, informaciones y contenidos digitales concretos bien definidos.","Realizar"
1,2,"Español",4,1,"Realizar análisis, comparaciones y evaluaciones de fuentes de datos, información y contenidos digitales.","Realizar"
1,2,"Español",4,2,"Realizar análisis, interpretaciones y evaluaciones de datos, información y contenidos digitales.","Realizar"
1,2,"Español",5,1,"Llevar a cabo una evaluación de la fiabilidad y seriedad de diferentes fuentes de información, datos y contenidos digitales.","Llevar a cabo"
1,2,"Español",5,2,"Llevar a cabo una evaluación de diferentes datos, informaciones y contenidos digitales.","Llevar a cabo"
1,2,"Español",6,1,"Valorar de forma crítica la fiabilidad y seriedad de fuentes de información, datos y contenidos digitales.","Valorar"
1,2,"Español",6,2,"Valorar de forma crítica la fiabilidad y seriedad de datos, informaciones y contenidos digitales.","Valorar"
1,2,"Español",7,1,"Plantear soluciones para problemas complejos con poca definición que está relacionados con el análisis y la evaluación de fuentes fiables y serias de datos, información y contenidos digitales en entornos digitales.","Plantear"
1,2,"Español",7,2,"Utilizar mis conocimientos para contribuir a la práctica y el saber profesional y orientar a otras personas en el análisis y evaluación de la fiabilidad y la seriedad de datos, información y contenido digital de sus fuentes.","Utilizar"
1,2,"Español",8,1,"Plantear soluciones a problemas complejos con la interacción de factores diversos que están relacionados con el análisis y la evaluación de fuentes de datos, información y bases de datos serias y fiables.","Plantear"
1,2,"Español",8,2,"Proponer nuevas ideas en procesos del sector.","Proponer"
1,2,"Inglés",1,1,"detect the credibility and reliability of common sources of data, information and their digital content.","detect"
1,2,"Inglés",2,1,"detect the credibility and reliability of common sources of data, information and their digital content.","detect"
1,2,"Inglés",3,1,"perform the analysis, comparison and evaluation of the credibility and reliability of well-defined sources of data, information and digital content.","perform"
1,2,"Inglés",3,2,"perform the analysis, interpretation and evaluation of well-defined data, information and digital content","perform"
1,2,"Inglés",4,1,"perform the analysis, comparison and evaluation of sources of data, information and digital content.","perform"
1,2,"Inglés",4,2,"perform the analysis, interpretation and evaluation of data, information and digital content.","perform"
1,2,"Inglés",5,1,"carry out an evaluation of the credibility and reliability of different sources of data, information and digital content.","carry out"
1,2,"Inglés",5,2,"carry out an evaluation of different data, information and digital content.","carry out"
1,2,"Inglés",6,1,"critically assess the credibility and reliability of sources of data, information and digital content.","assess"
1,2,"Inglés",6,2,"critically assess data, information and digital content.","assess"
1,2,"Inglés",7,1,"create solutions to complex problems with limited definition that are related to analysing and evaluating credible and reliable sources of data, information and content in digital environments.","create"
1,2,"Inglés",7,2,"integrate my knowledge to contribute to professional practices and knowledge and to guide others in the analysis and evaluation of the credibility and reliability of data, information and digital content and their sources.","integrate, guide"
1,2,"Inglés",8,1,"create solutions to solve complex problems with many interacting factors that are related to analysing and evaluating credible and reliable sources of data, information and content in digital environments.","create"
1,2,"Inglés",8,2,"propose new ideas and processes to the field.","propose"
1,3,"Español",1,1,"Identificar cómo organizar, almacenar y recuperar datos, información y contenidos de una forma sencilla en entornos estructurados.","Identificar"
1,3,"Español",1,2,"Reconocer dónde organizaros de una forma sencilla en un entorno estructurado.","Reconocer"
1,3,"Español",2,1,"Identificar cómo organizar, almacenar y recuperar datos, información y contenidos de una forma sencilla en entornos estructurados.","Identificar"
1,3,"Español",2,2,"Reconocer dónde organizaros de una forma sencilla en un entorno estructurado.","Reconocer"
1,3,"Español",3,1,"Seleccionar datos, información y contenidos para organizar, almacenar y recuperar de una forma rutinaria en entornos digitales.","Seleccionar"
1,3,"Español",3,2,"Organizarlos de forma rutinaria en un entorno estructurado.","Indicar"
1,3,"Español",4,1,"Organizar información, datos y contenidos para que sean almacenados y recuperados.","Seleccionar"
1,3,"Español",4,2,"Organizar información, datos y contenidos en entornos estructurados.","Debatir"
1,3,"Español",5,1,"Manipular información, datos y contenidos para facilitar su recuperación y almacenamiento.","Proponer"
1,3,"Español",5,2,"Llevar a cabo su organización y procesado en un entorno estructurado.","Utilizar"
1,3,"Español",6,1,"Adaptar la gestión de la información, los datos y los contenidos a la forma más apropiada para su almacenamiento y recuperación.","Variar"
1,3,"Español",6,2,"Adaptarlos para ser organizados y procesados en los entornos estructurados más apropiados.","Variar"
1,3,"Español",7,1,"Plantear soluciones a problemas con poca definición que están relacionados con la gestión de datos, información y contenidos para su organización, almacenamiento y recuperación en entornos digitales estructurados.","Crear"
1,3,"Español",7,2,"Utilizar mis conocimientos para contribuir a prácticas y saberes profesionales y para orientar a otros en la gestión de datos, informaciones y contenidos digitales en un entorno digital estructurado.","Integrar"
1,3,"Español",8,1,"Plantear soluciones a problemas complejos con la interacción de factores diversos que están relacionados con la gestión de datos, informaciones y contenidos para su organización, almacenamiento y recuperación en entornos digitales.","Crear"
1,3,"Español",8,2,"Proponer ideas nuevas y procesos en el sector.","Proponer"
1,3,"Inglés",1,1,"identify how to organise, store and retrieve data, information and content in a simple way in digital environments.","identify"
1,3,"Inglés",1,2,"recognise where to organise them in a simple way in a structured environment.","recognise"
1,3,"Inglés",2,1,"identify how to organise, store and retrieve data, information and content in a simple way in digital environments.","identify"
1,3,"Inglés",2,2,"recognise where to organise them in a simple way in a structured environment.","recognise"
1,3,"Inglés",3,1,"select data, information and content in order to organise, store and retrieve them in a routine way in digital environments.","select"
1,3,"Inglés",3,2,"organise them in a routine way in a structured environment.","organise"
1,3,"Inglés",4,1,"organise information, data and content to be easily stored and retrieved.","organise"
1,3,"Inglés",4,2,"organise information, data and content in a structured environment.","organise"
1,3,"Inglés",5,1,"manipulate information, data and content for their easier organisation, storage and retrieval.","manipulate"
1,3,"Inglés",5,2,"carry out their organisation and processing in a structured environment.","carry out"
1,3,"Inglés",6,1,"adapt the management of information, data and content for the most appropriate easy retrieval and storage.","adapt"
1,3,"Inglés",6,2,"adapt them to be organised and processed in the most appropriate structured environment.","adapt"
1,3,"Inglés",7,1,"create solutions to complex problems with limited definition that are related to managing data, information, and content for their organisation, storage and retrieval in a structured digital environment.","create"
1,3,"Inglés",7,2,"integrate my knowledge to contribute to professional practices and knowledge and to guide others in managing data, information and digital content in a structured digital environment.","integrate, guide"
1,3,"Inglés",8,1,"create solutions to solve complex problems with many interacting factors that are related to managing data, information, and content for their organisation, storage and retrieval in a structured digital environment.","create"
1,3,"Inglés",8,2,"propose new ideas and processes to the field.","propose"
2,1,"Español",1,1,"Seleccionar tecnologías digitales sencillas con las que interactuar.","Seleccionar"
2,1,"Español",1,2,"Identificar medios de comunicación sencillos y apropiados para un contexto determinado.","Identificar"
2,1,"Español",2,1,"Seleccionar tecnologías digitales sencillas con las que interactuar.","Seleccionar"
2,1,"Español",2,2,"Identificar medios de comunicación sencillos y apropiados para un contexto determinado.","Identificar"
2,1,"Español",3,1,"Realizar interacciones rutinarias y sencillas con tecnologías digitales.","Realizar"
2,1,"Español",3,2,"Seleccionar medios de comunicación apropiados para un contexto dado.","Seleccionar"
2,1,"Español",4,1,"Seleccionar diferentes tecnologías digitales para interactuar.","Seleccionar"
2,1,"Español",4,2,"Seleccionar diversos medios de comunicación apropiados para un contexto determinado.","Seleccionar"
2,1,"Español",5,1,"Utilizar diversas tecnologías digitales para interactuar.","Utilizar"
2,1,"Español",5,2,"Mostrar a otras personas los medios de comunicación más apropiados para un contexto dado.","Mostrar"
2,1,"Español",6,1,"Adaptar una variedad de tecnologías digitales para la interacción más apropiada.","Adaptar"
2,1,"Español",6,2,"Adaptar el medio de comunicación más adecuado a un contexto determinado.","Adaptar"
2,1,"Español",7,1,"Plantear soluciones para problemas complejos con poca definición relacionados con la interacción a través de tecnologías digitales y medios de comunicación digital.","Plantear"
2,1,"Español",7,2,"Utilizar mi conocimiento para contribuir a la práctica profesional y al conocimiento para orientar a terceros en la interacción con tecnologías digitales.","Utilizar"
2,1,"Español",8,1,"Plantear soluciones para resolver problemas complejos que tienen relación con factores diversos en la interacción a través de las tecnologías digitales y los medios de comunicación digital.","Plantear"
2,1,"Español",8,2,"Proponer nuevas ideas y procesos en el sector.","Proponer"
2,1,"Inglés",1,1,"select simple digital technologies to interact, and","select"
2,1,"Inglés",1,2,"identify appropriate simple communication means for a given context.","identify"
2,1,"Inglés",2,1,"select simple digital technologies to interact, and","select"
2,1,"Inglés",2,2,"identify appropriate simple communication means for a given context.","identify"
2,1,"Inglés",3,1,"perform well-defined and routine interactions with digital technologies, and","perform, routine"
2,1,"Inglés",3,2,"select well-defined and routine appropriate digital communication means for a given context.","select, routine"
2,1,"Inglés",4,1,"select a variety of digital technologies to interact, and","select"
2,1,"Inglés",4,2,"select a variety of appropriate digital communication means for a given context.","select"
2,1,"Inglés",5,1,"use a variety of digital technologies in order to interact,","use"
2,1,"Inglés",5,2,"show others the most appropriate digital communication means for a given context","show"
2,1,"Inglés",6,1,"adapt a variety of digital technologies for the most appropriate interaction, and","adapt"
2,1,"Inglés",6,2,"adapt the most appropriate communication means for a given context.","adapt"
2,1,"Inglés",7,1,"create solutions to complex problems with limited definition that are related to interacting through digital technologies and digital communication means.","create"
2,1,"Inglés",7,2,"integrate my knowledge to contribute to professional practices and knowledge and to guide others in the interaction through digital technologies.","integrate, guide"
2,1,"Inglés",8,1,"create solutions to solve complex problems with many interacting factors that are related to interacting through digital technologies and digital communication means","create"
2,1,"Inglés",8,2,"propose new ideas and processes to the field.","propose"
2,2,"Español",1,1,"Reconocer las tecnologías digitales sencillas y adecuadas para compartir datos, información y contenidos digitales.","Reconocer"
2,2,"Español",1,2,"Identificar prácticas sencillas de referencias y atribución.","Identificar"
2,2,"Español",2,1,"Reconocer las tecnologías digitales sencillas y adecuadas para compartir datos, información y contenidos digitales.","Reconocer"
2,2,"Español",2,2,"Identificar prácticas sencillas de referencias y atribución.","Identificar"
2,2,"Español",3,1,"Seleccionar tecnologías digitales adecuadas, bien definidas y rutinarias, para compartir datos, información y contenidos digitales.","Seleccionar"
2,2,"Español",3,2,"Explicar cómo actuar como intermediario para compartir información y contenidos a través de tecnologías digitales bien definidas y rutinarias.","Explicar"
2,2,"Español",3,3,"Ilustrar prácticas de referencia y atribución bien definidas y rutinarias.","Ilustrar"
2,2,"Español",4,1,"Manipular las tecnologías digitales adecuadas para compartir datos, información y contenidos digitales.","Manipular"
2,2,"Español",4,2,"Explicar cómo actuar como intermediario para compartir información y contenidos a través de las tecnologías digitales.","Explicar"
2,2,"Español",4,3,"Ilustrar las prácticas de referencia y atribución.","Ilustrar"
2,2,"Español",5,1,"Compartir datos, información y contenidos digitales a través de una variedad de herramientas digitales adecuadas.","Compartir"
2,2,"Español",5,2,"Mostrar a otros cómo actuar como intermediario para compartir información y contenidos a través de las tecnologías digitales.","Mostrar"
2,2,"Español",5,3,"Aplicar una serie de prácticas de referencia y atribución.","Aplicar"
2,2,"Español",6,1,"Evaluar las tecnologías digitales más adecuadas para compartir información y contenidos.","Evaluar"
2,2,"Español",6,2,"Adaptar mi papel de intermediario.","Adaptar"
2,2,"Español",6,3,"Variar el uso de las prácticas de referencia y atribución más adecuadas.","Variar"
2,2,"Español",7,1,"Crear soluciones a problemas complejos con una definición limitada que están relacionados con el intercambio a través de las tecnologías digitales.","Crear"
2,2,"Español",7,2,"Integrar mis conocimientos para contribuir a las prácticas y conocimientos profesionales y guiar a otros en el intercambio a través de las tecnologías digitales.","Integrar"
2,2,"Español",8,1,"Crear soluciones para resolver problemas complejos con muchos factores que interactúan y que están relacionados con el intercambio a través de las tecnologías digitales.","Crear"
2,2,"Español",8,2,"Proponer nuevas ideas y procesos en el sector.","Proponer"
2,2,"Inglés",1,1,"recognise simple appropriate digital technologies to share data, information and digital content.","recognise"
2,2,"Inglés",1,2,"identify simple referencing and attribution practices.","identify"
2,2,"Inglés",2,1,"recognise simple appropriate digital technologies to share data, information and digital content.","recognise"
2,2,"Inglés",2,2,"identify simple referencing and attribution practices.","identify"
2,2,"Inglés",3,1,"select well-defined and routine appropriate digital technologies to share data, information and digital content.","select, routine"
2,2,"Inglés",3,2,"explain how to act as an intermediary for sharing information and content through well-defined and routine digital technologies,","explain, routine"
2,2,"Inglés",3,3,"illustrate well-defined and routine referencing and attribution practices.","illustrate, routine"
2,2,"Inglés",4,1,"manipulate appropriate digital technologies to share data, information and digital content.","illustrate"
2,2,"Inglés",4,2,"explain how to act as an intermediary for sharing information and content through digital technologies,","explain"
2,2,"Inglés",4,3,"illustrate referencing and attribution practices.","illustrate"
2,2,"Inglés",5,1,"share data, information and digital content through a variety of appropriate digital tools,","share"
2,2,"Inglés",5,2,"show others how to act as an intermediary for sharing information and content through digital technologies.","show"
2,2,"Inglés",5,3,"apply a variety of referencing and attribution practices.","apply"
2,2,"Inglés",6,1,"assess the most appropriate digital technologies to share information and content.","assess"
2,2,"Inglés",6,2,"adapt my intermediation role,","adapt"
2,2,"Inglés",6,3,"vary the use of the more appropriate referencing and attribution practices.","vary"
2,2,"Inglés",7,1,"create solutions to complex problems with limited definition that are related to sharing through digital technologies.","create"
2,2,"Inglés",7,2,"integrate my knowledge to contribute to professional practices and knowledge and guide others in sharing through digital technologies.","integrate, guide"
2,2,"Inglés",8,1,"create solutions to solve complex problems with many interacting factors that are related to sharing through digital technologies.","create"
2,2,"Inglés",8,2,"propose new ideas and processes to the field.","propose"
2,3,"Español",1,1,"Identificar servicios digitales sencillos para participar en la sociedad.","Identificar"
2,3,"Español",1,2,"Reconocer las tecnologías digitales sencillas y apropiadas para capacitarme y participar en la sociedad como ciudadanía.","Reconocer"
2,3,"Español",2,1,"Identificar servicios digitales sencillos para participar en la sociedad.","Identificar"
2,3,"Español",2,2,"Reconocer las tecnologías digitales sencillas y apropiadas para capacitarme y participar en la sociedad como ciudadanía","Reconocer"
2,3,"Español",3,1,"Seleccionar servicios digitales bien definidos y rutinarios para participar en la sociedad.","Seleccionar"
2,3,"Español",3,2,"Indicar tecnologías digitales adecuadas, bien definidas y rutinarias para capacitarme y participar en la sociedad como ciudadanía.","Indicar"
2,3,"Español",4,1,"Seleccionar servicios digitales para participar en la sociedad.","Seleccionar"
2,3,"Español",4,2,"Debatir sobre las tecnologías digitales adecuadas para capacitarme y participar en la sociedad como ciudadanía.","Debatir"
2,3,"Español",5,1,"Proponer diferentes servicios digitales para participar en la sociedad.","Proponer"
2,3,"Español",5,2,"Utilizar las tecnologías digitales adecuadas para capacitarme y participar en la sociedad como ciudadanía.","Utilizar"
2,3,"Español",6,1,"Variar el uso de los servicios digitales más adecuados para participar en la sociedad.","Variar"
2,3,"Español",6,2,"Variar el uso de las tecnologías digitales más adecuadas para capacitarme y participar en la sociedad como ciudadanía.","Variar"
2,3,"Español",7,1,"Crear soluciones a problemas complejos de definición limitada relacionados con la participación de la ciudadanía a través de las tecnologías digitales.","Crear"
2,3,"Español",7,2,"Integrar mis conocimientos para contribuir a las prácticas y conocimientos profesionales y guiar a otros en el compromiso de la ciudadanía a través de las tecnologías digitales.","Integrar"
2,3,"Español",8,1,"Crear soluciones para resolver problemas complejos con muchos factores que interactúan que están relacionados con la participación de la ciudadanía a través de las tecnologías digitales.","Crear"
2,3,"Español",8,2,"Proponer nuevas ideas y procesos en el sector.","Proponer"
2,3,"Inglés",1,1,"identify simple digital services in order to participate in society.","identify"
2,3,"Inglés",1,2,"recognise simple appropriate digital technologies to empower myself and to participate in society as a citizen.","recognise"
2,3,"Inglés",2,1,"identify simple digital services in order to participate in society.","identify"
2,3,"Inglés",2,2,"recognise simple appropriate digital technologies to empower myself and to participate in society as a citizen.","recognise"
2,3,"Inglés",3,1,"select well-defined and routine digital services in order to participate in society.","select, routine"
2,3,"Inglés",3,2,"indicate well-defined and routine appropriate digital technologies to empower myself and to participate in society as a citizen.","indicate, routine"
2,3,"Inglés",4,1,"select digital services in order to participate in society.","select"
2,3,"Inglés",4,2,"discuss appropriate digital technologies to empower myself and to participate in society as a citizen.","discuss"
2,3,"Inglés",5,1,"propose different digital services to participate in society.","propose"
2,3,"Inglés",5,2,"use appropriate digital technologies to empower myself and to participate in society as a citizen.","use"
2,3,"Inglés",6,1,"vary the use of the most appropriate digital services in order to participate in society.","vary"
2,3,"Inglés",6,2,"vary the use of the most appropriate digital technologies to empower myself and to participate in society as a citizen.","vary"
2,3,"Inglés",7,1,"create solutions to complex problems with limited definition that are related to engaging in citizenship through digital technologies.","create"
2,3,"Inglés",7,2,"integrate my knowledge to contribute to professional practices and knowledge and guide others in engaging in citizenship through digital technologies.","integrate, guide"
2,3,"Inglés",8,1,"create solutions to solve complex problems with many interacting factors that are related to engaging in citizenship through digital technologies","create"
2,3,"Inglés",8,2,"propose new ideas and processes to the field.","propose"
2,4,"Español",1,1,"Elegir herramientas y tecnologías digitales sencillas para los procesos de colaboración.","Elegir"
2,4,"Español",2,1,"Elegir herramientas y tecnologías digitales sencillas para los procesos de colaboración.","Elegir"
2,4,"Español",3,1,"Seleccionar herramientas y tecnologías digitales bien definidas y rutinarias para los procesos de colaboración.","Seleccionar"
2,4,"Español",4,1,"Seleccionar herramientas y tecnologías digitales para los procesos de colaboración.","Seleccionar"
2,4,"Español",5,1,"Proponer diferentes herramientas y tecnologías digitales adecuadas para los procesos de colaboración.","Proponer"
2,4,"Español",6,1,"Variar el uso de las herramientas y tecnologías digitales más adecuadas para los procesos de colaboración.","Variar"
2,4,"Español",6,2,"Elegir las herramientas y tecnologías digitales más apropiadas para coconstruir y cocrear datos, recursos y conocimientos.","Elegir"
2,4,"Español",7,1,"Variar el uso de las herramientas y tecnologías digitales más adecuadas para los procesos de colaboración.","Variar"
2,4,"Español",7,2,"Elegir las herramientas y tecnologías digitales más apropiadas para coconstruir y cocrear datos, recursos y conocimientos.","Elegir"
2,4,"Español",8,1,"Crear soluciones para resolver problemas complejos con muchos factores que interactúan y que están relacionados con el uso de procesos de colaboración y de coconstrucción y cocreación de datos, recursos y conocimientos a través de herramientas y tecnologías digitales.","Crear"
2,4,"Español",8,2,"Proponer nuevas ideas y procesos en el sector.","Proponer"
2,4,"Inglés",1,1,"choose simple digital tools and technologies for collaborative processes.","choose"
2,4,"Inglés",2,1,"choose simple digital tools and technologies for collaborative processes.","choose"
2,4,"Inglés",3,1,"select well-defined and routine digital tools and technologies for collaborative processes.","select, routine"
2,4,"Inglés",4,1,"select digital tools and technologies for collaborative processes.","select"
2,4,"Inglés",5,1,"propose different digital tools and technologies for collaborative processes.","propose"
2,4,"Inglés",6,1,"vary the use of the most appropriate digital tools and technologies for collaborative processes.","vary"
2,4,"Inglés",6,2,"choose the most appropriate digital tools and technologies for co-constructing and co-creating data, resources and knowledge.","choose"
2,4,"Inglés",7,1,"vary the use of the most appropriate digital tools and technologies for collaborative processes.","vary"
2,4,"Inglés",7,2,"choose the most appropriate digital tools and technologies for co-constructing and co-creating data, resources and knowledge.","choose"
2,4,"Inglés",8,1,"create solutions to solve complex problems with many interacting factors that are related to using collaborative processes and co-construction and co-creation of data, resources and knowledge through digital tools and technologies.","create"
2,4,"Inglés",8,2,"propose new ideas and processes to the field.","propose"
2,5,"Español",1,1,"Diferenciar las normas de comportamiento y los conocimientos prácticos simples al utilizar las tecnologías digitales e interactuar en entornos digitales.","Diferenciar"
2,5,"Español",1,2,"Elegir modos y estrategias de comunicación sencillos y adaptados a un público y diferenciar aspectos sencillos de diversidad cultural y generacional a tener en cuenta en los entornos digitales.","Elegir"
2,5,"Español",2,1,"Diferenciar las normas de comportamiento y los conocimientos prácticos simples al utilizar las tecnologías digitales e interactuar en entornos digitales.","Diferenciar"
2,5,"Español",2,2,"Elegir modos y estrategias de comunicación sencillos y adaptados a un público.","Elegir"
2,5,"Español",2,3,"Diferenciar aspectos sencillos de diversidad cultural y generacional a tener en cuenta en los entornos digitales.","Diferenciar"
2,5,"Español",3,1,"Aclarar las normas de comportamiento y los conocimientos prácticos bien definidos y rutinarios al utilizar las tecnologías digitales e interactuar en entornos digitales.","Aclarar"
2,5,"Español",3,2,"Expresar estrategias de comunicación bien definidas y rutinarias adaptadas a un público.","Expresar"
2,5,"Español",3,3,"Describir aspectos de diversidad cultural y generacional bien definidos y rutinarios a tener en cuenta en los entornos digitales.","Describir"
2,5,"Español",4,1,"Debatir sobre las normas de comportamiento y los conocimientos técnicos al utilizar las tecnologías digitales e interactuar en entornos digitales.","Debatir"
2,5,"Español",4,2,"Debatir las estrategias de comunicación adaptadas a un público.","Debatir"
2,5,"Español",4,3,"Debatir los aspectos de la diversidad cultural y generacional a tener en cuenta en los entornos digitales.","Debatir"
2,5,"Español",5,1,"Aplicar diferentes normas de comportamiento y conocimientos técnicos al utilizar las tecnologías digitales e interactuar en entornos digitales.","Aplicar"
2,5,"Español",5,2,"Aplicar diferentes estrategias de comunicación en entornos digitales adaptadas a una audiencia.","Aplicar"
2,5,"Español",5,3,"Aplicar diferentes aspectos de diversidad cultural y generacional a tener en cuenta en los entornos digitales.","Aplicar"
2,5,"Español",6,1,"Adaptar las normas de comportamiento y los conocimientos técnicos más adecuados al utilizar las tecnologías digitales e interactuar en entornos digitales.","Adaptar"
2,5,"Español",6,2,"Adaptar las estrategias de comunicación más adecuadas en entornos digitales a una audiencia.","Adaptar"
2,5,"Español",6,3,"Aplicar diferentes aspectos de diversidad cultural y generacional en entornos digitales.","Aplicar"
2,5,"Español",7,1,"Crear soluciones a problemas complejos de definición limitada que estén relacionadas con las etiquetas digitales respetuosas con los diferentes públicos y la diversidad cultural y generacional.","Crear"
2,5,"Español",7,2,"Integrar mis conocimientos para contribuir a la práctica profesional y al conocimiento y guiar a otros en la etiqueta digital","Integrar"
2,5,"Español",8,1,"Crear soluciones para resolver problemas complejos con muchos factores que interactúan y que están relacionados con las etiquetas digitales respetuosas con las diferentes audiencias y la diversidad cultural y generacional.","Crear"
2,5,"Español",8,2,"Proponer nuevas ideas y procesos en el sector.","Proponer"
2,5,"Inglés",1,1,"differentiate simple behavioural norms and know-how while using digital technologies and interacting in digital environments.","differentiate"
2,5,"Inglés",1,2,"choose simple communication modes and strategies adapted to an audience and","choose"
2,5,"Inglés",1,3,"differentiate simple cultural and generational diversity aspects to consider in digital environments.","differentiate"
2,5,"Inglés",2,1,"differentiate simple behavioural norms and know-how while using digital technologies and interacting in digital environments.","differentiate"
2,5,"Inglés",2,2,"choose simple communication modes and strategies adapted to an audience and","choose"
2,5,"Inglés",2,3,"differentiate simple cultural and generational diversity aspects to consider in digital environments.","differentiate"
2,5,"Inglés",3,1,"clarify well-defined and routine behavioural norms and know-how while using digital technologies and interacting in digital environments.","clarify, routine"
2,5,"Inglés",3,2,"express well-defined and routine communication strategies adapted to an audience.","express, routine"
2,5,"Inglés",3,3,"describe well-defined and routine cultural and generational diversity aspects to consider in digital environments.","describe, routine"
2,5,"Inglés",4,1,"discuss behavioural norms and know-how while using digital technologies and interacting in digital environments.","discuss"
2,5,"Inglés",4,2,"discuss communication strategies adapted to an audience and","discuss"
2,5,"Inglés",4,3,"discuss cultural and generational diversity aspects to consider in digital environments.","discuss"
2,5,"Inglés",5,1,"apply different behavioural norms and know-how while using digital technologies and interacting in digital environments.","apply"
2,5,"Inglés",5,2,"apply different communication strategies in digital environments adapted to an audience and","apply"
2,5,"Inglés",5,3,"apply different cultural and generational diversity aspects to consider in digital environments.","apply"
2,5,"Inglés",6,1,"adapt the most appropriate behavioural norms and know-how while using digital technologies and interacting in digital environments.","adapt"
2,5,"Inglés",6,2,"adapt the most appropriate communication strategies in digital environments to an audience.","adapt"
2,5,"Inglés",6,3,"apply different cultural and generational diversity aspects in digital environments.","apply"
2,5,"Inglés",7,1,"create solutions to complex problems with limited definition that are related to digital etiquettes respectful of different audiences and cultural and generational diversity.","create"
2,5,"Inglés",7,2,"integrate my knowledge to contribute to professional practice and knowledge and guide others in digital etiquette","integrate, guide"
2,5,"Inglés",8,1,"create solutions to solve complex problems with many interacting factors that are related to digital etiquettes respectful to different audiences and cultural and generational diversity.","create"
2,5,"Inglés",8,2,"propose new ideas and processes to the field.","propose"
2,6,"Español",1,1,"Identificar una identidad digital.","Identificar"
2,6,"Español",1,2,"Describir formas sencillas de proteger mi reputación en línea.","Describir"
2,6,"Español",1,3,"Reconocer los datos simples que produzco a través de herramientas, entornos o servicios digitales.","Reconocer"
2,6,"Español",2,1,"Identificar una identidad digital.","Identificar"
2,6,"Español",2,2,"Describir formas sencillas de proteger mi reputación en línea.","Describir"
2,6,"Español",2,3,"Reconocer los datos simples que produzco a través de herramientas, entornos o servicios digitales.","Reconocer"
2,6,"Español",3,1,"Discriminar una serie de identidades digitales bien definidas y rutinarias.","Discriminar"
2,6,"Español",3,2,"Explicar formas bien definidas y rutinarias de proteger mi reputación en línea.","Explicar"
2,6,"Español",3,3,"Describir datos bien definidos que produzco habitualmente a través de herramientas, entornos o servicios digitales.","Describir"
2,6,"Español",4,1,"Mostrar una variedad de identidades digitales específicas.","Mostrar"
2,6,"Español",4,2,"Debatir formas de proteger mi reputación en línea.","Debatir"
2,6,"Español",4,3,"Manipular los datos que produzco mediante herramientas, entornos o servicios digitales.","Manipular"
2,6,"Español",5,1,"Utilizar una variedad de identidades digitales.","Utilizar"
2,6,"Español",5,2,"Aplicar diferentes formas de proteger mi reputación en línea.","Aplicar"
2,6,"Español",5,3,"Utilizar los datos que produzco a través de varias herramientas digitales entorno y servicios.","Utilizar"
2,6,"Español",6,1,"Discriminar múltiples identidades digitales.","Discriminar"
2,6,"Español",6,2,"Explicar las formas más adecuadas de proteger la propia reputación.","Explicar"
2,6,"Español",6,3,"Cambiar los datos producidos a través de varias herramientas, entornos y servicios.","Cambiar"
2,6,"Español",7,1,"Crear soluciones a problemas complejos de definición limitada relacionados con la gestión de las identidades digitales y la protección de la reputación en línea de las personas.","Crear"
2,6,"Español",7,2,"Integrar mis conocimientos para contribuir a la práctica profesional y al conocimiento y orientar a otros en la gestión de la identidad digital.","Integrar"
2,6,"Español",8,1,"Crear soluciones para resolver problemas complejos con muchos factores que interactúan y que están relacionados con la gestión de las identidades digitales y la protección de la reputación en línea de las personas.","Crear"
2,6,"Español",8,2,"Proponer nuevas ideas y procesos en el sector.","Proponer"
2,6,"Inglés",1,1,"identify a digital identity,","identify"
2,6,"Inglés",1,2,"describe simple ways to protect my reputation online,","describe"
2,6,"Inglés",1,3,"recognise simple data I produce through digital tools, environments or services.","recognise"
2,6,"Inglés",2,1,"identify a digital identity,","identify"
2,6,"Inglés",2,2,"describe simple ways to protect my reputation online,","describe"
2,6,"Inglés",2,3,"recognise simple data I produce through digital tools, environments or services.","recognise"
2,6,"Inglés",3,1,"discriminate a range of well-defined and routine digital identities,","discriminate"
2,6,"Inglés",3,2,"explain well-defined and routine ways to protect my reputation online,","explain, routine"
2,6,"Inglés",3,3,"describe well-defined data I routinely produce through digital tools, environments or services.","describe"
2,6,"Inglés",4,1,"display a variety of specific digital identities,","display"
2,6,"Inglés",4,2,"discuss specific ways to protect my reputation online,","discuss"
2,6,"Inglés",4,3,"manipulate data I produce through digital tools, environments or services.","manipulate"
2,6,"Inglés",5,1,"use a variety of digital identities,","use"
2,6,"Inglés",5,2,"apply different ways to protect my reputation online,","apply"
2,6,"Inglés",5,3,"use data I produce through several digital tools environment and services.","use"
2,6,"Inglés",6,1,"discriminate multiple digital identities,","discriminate"
2,6,"Inglés",6,2,"explain the more appropriate ways to protect one’s own reputation,","explain"
2,6,"Inglés",6,3,"change the data produced through several tools, environments and services.","change"
2,6,"Inglés",7,1,"create solutions to complex problems with limited definition that are related to managing digital identities and protection of people’s online reputation.","create"
2,6,"Inglés",7,2,"integrate my knowledge to contribute to professional practice and knowledge and guide others in managing digital identity.","integrate, guide"
2,6,"Inglés",8,1,"create solutions to solve complex problems with many interacting factors that are related to managing digital identities and protection of people’s online reputation.","create"
2,6,"Inglés",8,2,"propose new ideas and processes to the field.","propose"
3,1,"Español",1,1,"Identificar formas de crear y editar contenidos sencillos en formatos sencillos.","Identificar"
3,1,"Español",1,2,"Elegir cómo me expreso a través de la creación de medios digitales sencillos.","Elegir"
3,1,"Español",2,1,"Identificar formas de crear y editar contenidos sencillos en formatos sencillos.","Identificar"
3,1,"Español",2,2,"Elegir cómo me expreso a través de la creación de medios digitales sencillos.","Elegir"
3,1,"Español",3,1,"Indicar las formas de crear y editar una rutina bien definida contenido en formatos bien definidos y rutinarios.","Indicar"
3,1,"Español",3,2,"Expresarme a través de la creación de medios digitales bien definidos y rutinarios.","Expresarme"
3,1,"Español",4,1,"Indicar formas de crear y editar contenidos en diferentes formatos.","Indicar"
3,1,"Español",4,2,"Expresarme a través de la creación de medios digitales.","Expresarme"
3,1,"Español",5,1,"Aplicar formas de crear y editar contenidos en diferentes formatos.","Aplicar"
3,1,"Español",5,2,"Mostrar formas de expresarme a través de la creación de medios digitales.","Mostrar"
3,1,"Español",6,1,"Cambiar el contenido utilizando los formatos más adecuados.","Cambiar"
3,1,"Español",6,2,"Adaptar la expresión de mi persona mediante la creación de los medios digitales más adecuados.","Adaptar"
3,1,"Español",7,1,"Crear soluciones a problemas complejos de definición limitada que estén relacionados con la creación y edición de contenidos en diferentes formatos, y la autoexpresión a través de medios digitales.","Crear"
3,1,"Español",7,2,"Integrar mis conocimientos para contribuir a la práctica profesional y al conocimiento y orientar a otros en el desarrollo de contenidos.","Integrar"
3,1,"Español",8,1,"Crear soluciones para resolver problemas complejos con muchos factores que interactúan y que están relacionados con la creación y edición de contenidos en diferentes formatos, y la autoexpresión a través de medios digitales.","Crear"
3,1,"Español",8,2,"Proponer nuevas ideas y procesos en el sector.","Proponer"
3,1,"Inglés",1,1,"identify ways to create and edit simple content in simple formats,","identify"
3,1,"Inglés",1,2,"choose how I express myself through the creation of simple digital means.","choose"
3,1,"Inglés",2,1,"identify ways to create and edit simple content in simple formats,","identify"
3,1,"Inglés",2,2,"choose how I express myself through the creation of simple digital means.","choose"
3,1,"Inglés",3,1,"indicate ways to create and edit well-defined and routine content in well-defined and routine formats,","indicate, routine"
3,1,"Inglés",3,2,"express myself through the creation of well-defined and routine digital means.","express, routine"
3,1,"Inglés",4,1,"indicate ways to create and edit content in different formats,","indicate"
3,1,"Inglés",4,2,"express myself through the creation of digital means.","express"
3,1,"Inglés",5,1,"apply ways to create and edit content in different formats,","apply"
3,1,"Inglés",5,2,"show ways to express myself through the creation of digital means.","show"
3,1,"Inglés",6,1,"change content using the most appropriate formats,","change"
3,1,"Inglés",6,2,"adapt the expression of myself through the creation of the most appropriate digital means.","adapt"
3,1,"Inglés",7,1,"create solutions to complex problems with limited definition that are related to content creation and edition in different formats, and self-expression through digital means.","create"
3,1,"Inglés",7,2,"integrate my knowledge to contribute to professional practice and knowledge and guide others in developing content.","integrate, guide"
3,1,"Inglés",8,1,"create solutions to solve complex problems with many interacting factors that are related to content creation and edition in different formats, and self-expression through digital means.","create"
3,1,"Inglés",8,2,"propose new ideas and processes to the field.","propose"
3,2,"Español",1,1,"Seleccionar formas de modificar, perfeccionar, mejorar e integrar elementos sencillos de contenido e información nuevos para crear otros nuevos y originales.","Seleccionar"
3,2,"Español",2,1,"Seleccionar formas de modificar, perfeccionar, mejorar e integrar elementos sencillos de contenido e información nuevos para crear otros nuevos y originales.","Seleccionar"
3,2,"Español",3,1,"Explicar formas de modificar, perfeccionar, mejorar e integrar elementos bien definidos de nuevos contenidos e información para crear otros nuevos y originales.","Explicar"
3,2,"Español",4,1,"Debatir las formas de modificar, perfeccionar, mejorar e integrar nuevos contenidos e información para crear otros nuevos y originales.","Debatir"
3,2,"Español",5,1,"Operar con nuevos contenidos e informaciones diferentes, modificándolos, perfeccionándolos, mejorándolos e integrándolos para crear otros nuevos y originales.","Operar"
3,2,"Español",6,1,"Evaluar las formas más adecuadas de modificar, perfeccionar, mejorar e integrar nuevos elementos e información específicos para crear otros nuevos y originales.","Evaluar"
3,2,"Español",7,1,"Crear soluciones a problemas complejos de definición limitada que estén relacionadas con la modificación, el perfeccionamiento, la mejora y la integración de nuevos contenidos e información en los conocimientos existentes para crear otros nuevos y originales.","Crear"
3,2,"Español",7,2,"Integrar mis conocimientos para contribuir a la práctica profesional y al conocimiento y guiar a otros en la integración y reelaboración de contenidos.","Integrar"
3,2,"Español",8,1,"Crear soluciones para resolver problemas complejos con muchos factores que interactúan y que están relacionados con la modificación, el perfeccionamiento, la mejora y la integración de nuevos contenidos e información en los conocimientos existentes para crear otros nuevos y originales.","Crear"
3,2,"Español",8,2,"Proponer nuevas ideas y procesos en el sector.","Proponer"
3,2,"Inglés",1,1,"select ways to modify, refine, improve and integrate simple items of new content and information to create new and original ones.","select"
3,2,"Inglés",2,1,"select ways to modify, refine, improve and integrate simple items of new content and information to create new and original ones.","select"
3,2,"Inglés",3,1,"explain ways to modify, refine, improve and integrate well-defined items of new content and information to create new and original ones.","explain"
3,2,"Inglés",4,1,"discuss ways to modify, refine, improve and integrate new content and information to create new and original ones.","discuss"
3,2,"Inglés",5,1,"operate with new different items of content and information, modifying, refining, improving and integrating them in order to create new and original ones.","operate"
3,2,"Inglés",6,1,"assess the most appropriate ways to modify, refine, improve and integrate specific new items of content and information to create new and original ones.","assess"
3,2,"Inglés",7,1,"create solutions to complex problems with limited definition that are related to modifying, refining, improving and integrating new content and information into existing knowledge to create new and original ones.","create"
3,2,"Inglés",7,2,"integrate my knowledge to contribute to professional practice and knowledge and guide others in integrating and re-elaborating content.","integrate, guide"
3,2,"Inglés",8,1,"create solutions to solve complex problems with many interacting factors that are related to modifying, refining, improving and integrating new content and information into existing knowledge to create new and original ones.","create"
3,2,"Inglés",8,2,"propose new ideas and processes to the field.","propose"
3,3,"Español",1,1,"Identificar reglas sencillas de derechos de autor y licencias que se aplican a los datos, la información digital y los contenidos.","Identificar"
3,3,"Español",2,1,"Identificar reglas sencillas de derechos de autor y licencias que se aplican a los datos, la información digital y los contenidos.","Identificar"
3,3,"Español",3,1,"Indicar normas bien definidas y rutinarias de derechos de autor y licencias que se aplican a los datos, la información digital y los contenidos.","Indicar"
3,3,"Español",4,1,"Debatir las reglas de los derechos de autor y las licencias que se aplican a la información y los contenidos digitales.","Debatir"
3,3,"Español",5,1,"Aplicar diferentes normas de derechos de autor y licencias que se aplican a los datos, la información digital y los contenidos.","Aplicar"
3,3,"Español",6,1,"Elegir las normas más adecuadas que aplican los derechos de autor y las licencias a los datos, la información digital y los contenidos.","Elegir"
3,3,"Español",7,1,"Crear soluciones a problemas complejos de definición limitada relacionados con la aplicación de los derechos de autor y las licencias a los datos, la información y los contenidos digitales.","Crear"
3,3,"Español",7,2,"Integrar mis conocimientos para contribuir a la práctica profesional y al conocimiento y orientar a otros en la aplicación de los derechos de autor y las licencias.","Integrar"
3,3,"Español",8,1,"Crear soluciones para resolver problemas complejos con muchos factores que interactúan y que están relacionados con la aplicación de los derechos de autor y las licencias a los datos, la información digital y los contenidos.","Crear"
3,3,"Español",8,2,"Proponer nuevas ideas y procesos en el sector.","Proponer"
3,3,"Inglés",1,1,"identify simple rules of copyright and licenses that apply to data, digital information and content.","identify"
3,3,"Inglés",2,1,"identify simple rules of copyright and licenses that apply to data, digital information and content.","identify"
3,3,"Inglés",3,1,"indicate well-defined and routine rules of copyright and licenses that apply to data, digital information and content.","indicate"
3,3,"Inglés",4,1,"discuss rules of copyright and licenses that apply to digital information and content.","discuss"
3,3,"Inglés",5,1,"apply different rules of copyright and licenses that apply to data, digital information and content.","apply"
3,3,"Inglés",6,1,"choose the most appropriate rules that apply copyright and licences to data, digital information and content.","choose"
3,3,"Inglés",7,1,"create solutions to complex problems with limited definition that are related to applying copyright and licenses to data, digital information and content.","create"
3,3,"Inglés",7,2,"integrate my knowledge to contribute to professional practice and knowledge and guide others in applying copyright and licenses.","integrate, guide"
3,3,"Inglés",8,1,"create solutions to solve complex problems with many interacting factors that are related to applying copyright and licenses to data, digital information and content.","create"
3,3,"Inglés",8,2,"propose new ideas and processes to the field.","propose"
3,4,"Español",1,1,"Enumerar instrucciones sencillas para que un sistema informático resuelva un problema o realice una tarea sencilla.","Enumerar"
3,4,"Español",2,1,"Enumerar instrucciones sencillas para que un sistema informático resuelva un problema o realice una tarea sencilla.","Enumerar"
3,4,"Español",3,1,"Enumerar instrucciones bien definidas y rutinarias para que un sistema informático resuelva problemas rutinarios o realice tareas rutinarias.","Enumerar"
3,4,"Español",4,1,"Listar instrucciones para que un sistema informático resuelva un problema determinado o realice una tarea específica","Listar"
3,4,"Español",5,1,"Operar con instrucciones para que un sistema informático resuelva un problema diferente o realice tareas distintas.","Operar"
3,4,"Español",6,1,"Determinar las instrucciones más adecuadas para que un sistema informático resuelva un problema dado y realice tareas específicas.","Determinar"
3,4,"Español",7,1,"Crear soluciones a problemas complejos de definición limitada que estén relacionados con la planificación y el desarrollo de instrucciones para un sistema informático y la realización de una tarea utilizando un sistema informático.","Crear"
3,4,"Español",7,2,"Integrar mis conocimientos para contribuir a la práctica profesional y al conocimiento y guiar a otros en la programación.","Integrar"
3,4,"Español",8,1,"Crear soluciones para resolver problemas complejos con muchos factores que interactúan y que están relacionados con la planificación y el desarrollo de instrucciones para un sistema informático y la realización de una tarea utilizando un sistema informático.","Crear"
3,4,"Español",8,2,"Proponer nuevas ideas y procesos en el sector.","Proponer"
3,4,"Inglés",1,1,"list simple instructions for a computing system to solve a simple problem or perform a simple task.","list"
3,4,"Inglés",2,1,"list simple instructions for a computing system to solve a simple problem or perform a simple task.","list"
3,4,"Inglés",3,1,"list well-defined and routine instructions for a computing system to solve routine problems or perform routine tasks.","list, routine"
3,4,"Inglés",4,1,"list instructions for a computing system to solve a given problem or perform a specific task.","list"
3,4,"Inglés",5,1,"operate with instructions for a computing system to solve a different problem or perform different tasks.","operate"
3,4,"Inglés",6,1,"determine the most appropriate instructions for a computing system to solve a given problem and perform specific tasks.","determine"
3,4,"Inglés",7,1,"create solutions to complex problems with limited definition that are related to planning and developing instructions for a computing system and performing a task using a computing system.","create"
3,4,"Inglés",7,2,"integrate my knowledge to contribute to professional practice and knowledge and guide others in programming.","integrate, guide"
3,4,"Inglés",8,1,"create solutions to solve complex problems with many interacting factors that are related to planning and developing instructions for a computing system and performing a task using a computing system.","create"
3,4,"Inglés",8,2,"propose new ideas and processes to the field.","propose"
4,1,"Español",1,1,"Identificar formas sencillas de proteger mis dispositivos y contenidos digitales.","Identificar"
4,1,"Español",1,2,"Diferenciar los riesgos y amenazas simples en los entornos digitales.","Diferenciar"
4,1,"Español",1,3,"Elegir medidas sencillas de seguridad y protección.","Elegir"
4,1,"Español",1,4,"Identificar formas sencillas de tener en cuenta la fiabilidad y la privacidad.","Identificar"
4,1,"Español",2,1,"Identificar formas sencillas de proteger mis dispositivos y contenidos digitales.","Identificar"
4,1,"Español",2,2,"Diferenciar los riesgos y amenazas simples en los entornos digitales.","Diferenciar"
4,1,"Español",2,3,"Elegir medidas sencillas de seguridad y protección.","Elegir"
4,1,"Español",2,4,"Identificar formas sencillas de tener en cuenta la fiabilidad y la privacidad.","Identificar"
4,1,"Español",3,1,"Indicar formas bien definidas y rutinarias de proteger mis dispositivos y contenidos digitales.","Indicar"
4,1,"Español",3,2,"Diferenciar los riesgos y amenazas bien definidos y habituales en los entornos digitales.","Diferenciar"
4,1,"Español",3,3,"Seleccionar medidas de seguridad y protección bien definidas y rutinarias.","Seleccionar"
4,1,"Español",3,4,"Indicar formas bien definidas y rutinarias de tener en cuenta la fiabilidad y la privacidad.","Indicar"
4,1,"Español",4,1,"Organizar formas de proteger mis dispositivos y contenidos digitales.","Organizar"
4,1,"Español",4,2,"Diferenciar los riesgos y las amenazas en los entornos digitales.","Diferenciar"
4,1,"Español",4,3,"Seleccionar medidas de seguridad y protección.","Seleccionar"
4,1,"Español",4,4,"Explicar las formas de tener en cuenta la fiabilidad y la privacidad.","Explicar"
4,1,"Español",5,1,"Aplicar diferentes formas de proteger los dispositivos y los contenidos digitales.","Aplicar"
4,1,"Español",5,2,"Diferenciar una variedad de riesgos y amenazas en los entornos digitales.","Diferenciar"
4,1,"Español",5,3,"Aplicar medidas de seguridad y protección.","Aplicar"
4,1,"Español",5,4,"Emplear diferentes maneras de tener en cuenta la fiabilidad y la privacidad.","Emplear"
4,1,"Español",6,1,"Elegir la protección más adecuada para los dispositivos y los contenidos digitales.","Elegir"
4,1,"Español",6,2,"Discriminar los riesgos y las amenazas en los entornos digitales.","Discriminar"
4,1,"Español",6,3,"Elegir las medidas de seguridad más adecuadas.","Elegir"
4,1,"Español",6,4,"Evaluar las formas más adecuadas para tener en cuenta la fiabilidad y la privacidad.","Evaluar"
4,1,"Español",7,1,"Crear soluciones a problemas complejos de definición limitada relacionados con la protección de dispositivos y contenidos digitales, la gestión de riesgos y amenazas, la aplicación de medidas de seguridad y protección, y la fiabilidad y privacidad en entornos digitales.","Crear"
4,1,"Español",7,2,"Integrar mis conocimientos para contribuir a la práctica profesional y al conocimiento y guiar a otros en la protección de los dispositivos.","Integrar"
4,1,"Español",8,2,"Crear soluciones para resolver problemas complejos con muchos factores que interactúan y que están relacionados con la protección de dispositivos y contenidos digitales, la gestión de riesgos y amenazas, la aplicación de medidas de seguridad y protección, y la fiabilidad y privacidad en entornos digitales.","Crear"
4,1,"Español",8,3,"Proponer nuevas ideas y procesos en el sector.","Proponer"
4,1,"Inglés",1,1,"identify simple ways to protect my devices and digital content, and","identify"
4,1,"Inglés",1,2,"differentiate simple risks and threats in digital environments.","differentiate"
4,1,"Inglés",1,3,"choose simple safety and security measures, and","choose"
4,1,"Inglés",1,4,"identify simple ways to have due regard to reliability and privacy.","identify"
4,1,"Inglés",2,1,"identify simple ways to protect my devices and digital content, and","identify"
4,1,"Inglés",2,2,"differentiate simple risks and threats in digital environments.","differentiate"
4,1,"Inglés",2,3,"follow simple safety and security measures.","follow"
4,1,"Inglés",2,4,"identify simple ways to have due regard to reliability and privacy.","identify"
4,1,"Inglés",3,1,"indicate well-defined and routine ways to protect my devices and digital content, and","indicate"
4,1,"Inglés",3,2,"differentiate well-defined and routine risks and threats in digital environments, and","differentiate"
4,1,"Inglés",3,3,"select well-defined and routine safety and security measures.","select"
4,1,"Inglés",3,4,"indicate well-defined and routine ways to have due regard to reliability and privacy","indicate"
4,1,"Inglés",4,1,"organise ways to protect my devices and digital content, and","organise"
4,1,"Inglés",4,2,"differentiate risks and threats in digital environments.","differentiate"
4,1,"Inglés",4,3,"select safety and security measures.","select"
4,1,"Inglés",4,4,"explain ways to have due regard to reliability and privacy.","explain"
4,1,"Inglés",5,1,"apply different ways to protect devices and digital content, and","apply"
4,1,"Inglés",5,2,"differentiate a variety of risks and threats in digital environments.","differentiate"
4,1,"Inglés",5,3,"apply safety and security measures.","apply"
4,1,"Inglés",5,4,"employ different ways to have due regard to reliability and privacy.","employ"
4,1,"Inglés",6,1,"choose the most appropriate protection for devices and digital content, and","choose"
4,1,"Inglés",6,2,"discriminate risks and threats in digital environments.","discriminate"
4,1,"Inglés",6,3,"choose the most appropriate safety and security measures.","choose"
4,1,"Inglés",6,4,"assess the most appropriate ways to have due regard to reliability and privacy.","assess"
4,1,"Inglés",7,1,"create solutions to complex problems with limited definition that are related to protecting devices and digital content, managing risks and threats, applying safety and security measures, and reliability and privacy in digital environments.","create"
4,1,"Inglés",7,2,"integrate my knowledge to contribute to professional practice and knowledge and guide others in protecting devices.","integrate, guide"
4,1,"Inglés",8,1,"create solutions to solve complex problems with many interacting factors that are related to protecting devices and digital content, managing risks and threats, applying safety and security measures, and reliability and privacy in digital environments.","create"
4,1,"Inglés",8,2,"propose new ideas and processes to the field.","propose"
4,2,"Español",1,1,"Seleccionar formas sencillas de proteger mis datos personales y mi privacidad en entornos digitales.","Seleccionar"
4,2,"Español",1,2,"Identificar formas sencillas de utilizar y compartir la información personal identificable, protegiéndome a mí y a los demás de los daños.","Identificar"
4,2,"Español",1,3,"Identificar declaraciones sencillas de política de privacidad sobre el uso de los datos personales en los servicios digitales.","Identificar"
4,2,"Español",2,1,"Seleccionar formas sencillas de proteger mis datos personales y mi privacidad en entornos digitales.","Seleccionar"
4,2,"Español",2,2,"Identificar formas sencillas de utilizar y compartir la información personal identificable, protegiéndome a mí y a los demás de los daños.","Identificar"
4,2,"Español",2,3,"Identificar declaraciones sencillas de política de privacidad sobre el uso de los datos personales en los servicios digitales.","Identificar"
4,2,"Español",3,1,"Explicar formas bien definidas y rutinarias de proteger mis datos personales y mi privacidad en entornos digitales.","Explicar"
4,2,"Español",3,2,"Explicar formas bien definidas y rutinarias de utilizar y compartir la información personal identificable, protegiéndome a mí y a los demás de los daños.","Explicar"
4,2,"Español",3,3,"Indicar declaraciones de política de privacidad bien definidas y rutinarias sobre el uso de los datos personales en los servicios digitales.","Indicar"
4,2,"Español",4,1,"Debatir sobre las formas de proteger mis datos personales y mi privacidad en los entornos digitales.","Debatir"
4,2,"Español",4,2,"Debatir las formas de utilizar y compartir la información personal identificable protegiéndome a mí y a los demás de los daños.","Debatir"
4,2,"Español",4,3,"Indicar las declaraciones de política de privacidad sobre el uso de los datos personales en los servicios digitales.","Indicar"
4,2,"Español",5,1,"Aplicar diferentes formas de proteger mis datos personales y mi privacidad en los entornos digitales.","Aplicar"
4,2,"Español",5,2,"Aplicar diferentes formas específicas de compartir mis datos, protegiéndome a mí y a los demás de los peligros.","Aplicar"
4,2,"Español",5,3,"Explicar las declaraciones de política de privacidad sobre el uso de los datos personales en los servicios digitales.","Explicar"
4,2,"Español",6,1,"Elegir las formas más adecuadas de proteger los datos personales y la privacidad en los entornos digitales.","Elegir"
4,2,"Español",6,2,"Evaluar las formas más apropiadas de utilizar y compartir la información personal identificable, protegiéndome a mí y a los demás de los daños.","Evaluar"
4,2,"Español",6,3,"Evaluar la idoneidad de las declaraciones de política de privacidad sobre el uso de los datos personales.","Evaluar"
4,2,"Español",7,1,"Crear soluciones a problemas complejos con definición limitada que estén relacionados con la protección de los datos personales y la privacidad en entornos digitales, el uso y el intercambio de información de identificación personal protegiendo a uno mismo y a los demás de los peligros, y las políticas de privacidad para utilizar mis datos personales.","Crear"
4,2,"Español",7,2,"Integrar mis conocimientos para contribuir a la práctica profesional y al conocimiento y orientar a otros en la protección de los datos personales y la privacidad.","Integrar"
4,2,"Español",8,1,"Crear soluciones para resolver problemas complejos con muchos factores que interactúan y que están relacionados con la protección de los datos personales y la privacidad en los entornos digitales, el uso y el intercambio de información de identificación personal protegiendo a uno mismo y a los demás de los peligros, y las políticas de privacidad para utilizar mis datos personales.","Crear"
4,2,"Español",8,2,"Proponer nuevas ideas y procesos en el sector.","Proponer"
4,2,"Inglés",1,1,"select simple ways to protect my personal data and privacy in digital environments,","select"
4,2,"Inglés",1,2,"identify simple ways to use and share personally identifiable information while protecting myself and others from damages.","identify"
4,2,"Inglés",1,3,"identify simple privacy policy statements of how personal data is used in digital services.","identify"
4,2,"Inglés",2,1,"select simple ways to protect my personal data and privacy in digital environments,","select"
4,2,"Inglés",2,2,"identify simple ways to use and share personally identifiable information while protecting myself and others from damages.","identify"
4,2,"Inglés",2,3,"identify simple privacy policy statements of how personal data is used in digital services.","identify"
4,2,"Inglés",3,1,"explain well-defined and routine ways to protect my personal data and privacy in digital environments, and","explain, routine"
4,2,"Inglés",3,2,"explain well-defined and routine ways to use and share personally identifiable information while protecting myself and others from damages.","explain, routine"
4,2,"Inglés",3,3,"indicate well-defined and routine privacy policy statements of how personal data is used in digital services.","indicate, routine"
4,2,"Inglés",4,1,"discuss ways to protect my personal data and privacy in digital environments, and","discuss"
4,2,"Inglés",4,2,"discuss ways to use and share personally identifiable information while protecting myself and others from damages.","discuss"
4,2,"Inglés",4,3,"indicate privacy policy statements of how personal data is used in digital services.","indicate"
4,2,"Inglés",5,1,"apply different ways to protect my personal data and privacy in digital environments,","apply"
4,2,"Inglés",5,2,"apply different specific ways to share my data while protecting myself and others from dangers.","apply"
4,2,"Inglés",5,3,"explain privacy policy statements of how personal data is used in digital services.","explain"
4,2,"Inglés",6,1,"choose the more appropriate ways to protect personal data and privacy in digital environments, and","choose"
4,2,"Inglés",6,2,"evaluate the most appropriate ways of using and sharing personally identifiable information while protecting myself and others from damages.","evaluate"
4,2,"Inglés",6,3,"evaluate the appropriateness of privacy policy statements on how personal data are used.","evaluate"
4,2,"Inglés",7,1,"create solutions to complex problems with limited definition that are related to protecting personal data and privacy in digital environments, using and sharing personally identifiable information protecting self and others from dangers, and privacy policies to use my personal data.","create"
4,2,"Inglés",7,2,"integrate my knowledge to contribute to professional practice and knowledge and guide others in protecting personal data and privacy","integrate, guide"
4,2,"Inglés",8,1,"create solutions to solve complex problems with many interacting factors that are related to protecting personal data and privacy in digital environments, using and sharing personally identifiable information protecting self and others from dangers, and privacy policies to use my personal data.","create"
4,2,"Inglés",8,2,"propose new ideas and processes to the field.","propose"
4,3,"Español",1,1,"Diferenciar formas sencillas de evitar los riesgos para la salud y las amenazas al bienestar físico y psicológico mientras se utilizan las tecnologías digitales.","Diferenciar"
4,3,"Español",1,2,"Seleccionar formas sencillas de protegerme de posibles peligros en entornos digitales.","Seleccionar"
4,3,"Español",1,3,"Identificar tecnologías digitales sencillas para el bienestar social y la inclusión social.","Identificar"
4,3,"Español",2,1,"Diferenciar formas sencillas de evitar los riesgos para la salud y las amenazas al bienestar físico y psicológico mientras se utilizan las tecnologías digitales.","Diferenciar"
4,3,"Español",2,2,"Seleccionar formas sencillas de protegerme de posibles peligros en entornos digitales.","Seleccionar"
4,3,"Español",2,3,"Identificar tecnologías digitales sencillas para el bienestar social y la inclusión social.","Identificar"
4,3,"Español",3,1,"Explicar formas bien definidas y rutinarias de cómo evitar los riesgos para la salud y las amenazas al bienestar físico y psicológico mientras se utilizan las tecnologías digitales.","Explicar"
4,3,"Español",3,2,"Seleccionar formas bien definidas y rutinarias para protegerme de los peligros en los entornos digitales.","Seleccionar"
4,3,"Español",3,3,"Indicar tecnologías digitales bien definidas y rutinarias para el bienestar social y la inclusión social.","Indicar"
4,3,"Español",4,1,"Explicar cómo evitar las amenazas a mi salud física y psicológica relacionadas con el uso de la tecnología.","Explicar"
4,3,"Español",4,2,"Seleccionar formas de protegerse a sí mismo y a los demás de los peligros en los entornos digitales.","Seleccionar"
4,3,"Español",4,3,"Debatir sobre las tecnologías digitales para el bienestar y la inclusión social.","Debatir"
4,3,"Español",5,1,"Mostrar diferentes formas de evitar los riesgos para la salud y las amenazas al bienestar físico y psicológico mientras se utilizan las tecnologías digitales.","Mostrar"
4,3,"Español",5,2,"Aplicar diferentes formas de protegerme a mí mismo y a los demás de los peligros en los entornos digitales.","Aplicar"
4,3,"Español",5,3,"Mostrar diferentes tecnologías digitales para el bienestar social y la inclusión social.","Mostrar"
4,3,"Español",6,1,"Discriminar las formas más apropiadas de evitar los riesgos para la salud y las amenazas para el bienestar físico y psicológico durante el uso de las tecnologías digitales.","Discriminar"
4,3,"Español",6,2,"Adaptar las formas más adecuadas para protegerme y proteger a los demás de los peligros en los entornos digitales.","Adaptar"
4,3,"Español",6,3,"Variar el uso de las tecnologías digitales para el bienestar social y la inclusión social.","Variar"
4,3,"Español",7,1,"Crear soluciones a problemas complejos y de definición limitada relacionados con la evitación de los riesgos para la salud y las amenazas al bienestar durante el uso de las tecnologías digitales, para protegerse a sí mismo y a los demás de los peligros en los entornos digitales, y con el uso de las tecnologías digitales para el bienestar social y la  inclusión social.","Crear"
4,3,"Español",7,2,"Integrar mis conocimientos para contribuir a la práctica profesional y al conocimiento y orientar a otros en la protección de la salud.","Integrar"
4,3,"Español",8,1,"Crear soluciones para resolver problemas complejos con muchos factores que interactúan y que están relacionados con la evitación de los riesgos para la salud y las amenazas al bienestar mientras se utilizan las tecnologías digitales, para protegerse a sí mismo y a los demás de los peligros en los entornos digitales, y con el uso de las tecnologías digitales para el bienestar social y la inclusión social.","Crear"
4,3,"Español",8,2,"Proponer nuevas ideas y procesos en el sector.","Proponer"
4,3,"Inglés",1,1,"differentiate simple ways to avoid health risks and threats to physical and psychological well-being while using digital technologies.","differentiate"
4,3,"Inglés",1,2,"select simple ways to protect myself from possible dangers in digital environments.","select"
4,3,"Inglés",1,3,"identify simple digital technologies for social well-being and social inclusion.","identify"
4,3,"Inglés",2,1,"differentiate simple ways to avoid health risks and threats to physical and psychological well-being while using digital technologies.","differentiate"
4,3,"Inglés",2,2,"select simple ways to protect myself from possible dangers in digital environments.","select"
4,3,"Inglés",2,3,"identify simple digital technologies for social well-being and social inclusion.","identify"
4,3,"Inglés",3,1,"explain well-defined and routine ways to how to avoid health risks and threats to physical and psychological well-being while using digital technologies.","explain"
4,3,"Inglés",3,2,"select well-defined and routine ways to protect myself from dangers in digital environments.","select, routine"
4,3,"Inglés",3,3,"indicate well-defined and routine digital technologies for social well-being and social inclusion.","indicate, routine"
4,3,"Inglés",4,1,"explain ways to how to avoid threats to my physical and psychological health related with the use of technology.","explain, routine"
4,3,"Inglés",4,2,"select ways to protect self and others from dangers in digital environments.","select"
4,3,"Inglés",4,3,"discuss on digital technologies for social well-being and inclusion.","discuss"
4,3,"Inglés",5,1,"show different ways to avoid health -risks and threats to physical and psychological well-being while using digital technologies.","show"
4,3,"Inglés",5,2,"apply different ways to protect myself and others from dangers in digital environments.","apply"
4,3,"Inglés",5,3,"show different digital technologies for social well-being and social inclusion.","show"
4,3,"Inglés",6,1,"discriminate the most appropriate ways to avoid health risks and threats to physical and psychological well-being while using digital technologies.","discriminate"
4,3,"Inglés",6,2,"adapt the most appropriate ways to protect myself and others from dangers in digital environments.","adapt"
4,3,"Inglés",6,3,"vary the use of digital technologies for social well-being and social inclusion.","vary"
4,3,"Inglés",7,1,"create solutions to complex problems with limited definition that are related to avoiding health -risks and threats to well-being while using digital technologies, to protect self and others from dangers in digital environments, and to the use of digital technologies for social well-being and social inclusion.","create"
4,3,"Inglés",7,2,"integrate my knowledge to contribute to professional practice and knowledge and guide others in protecting health.","integrate, routine"
4,3,"Inglés",8,1,"create solutions to solve complex problems with many interacting factors that are related to avoiding health risks and threats to well-being while using digital technologies, to protect self and others from dangers in digital environments, and to the use of digital technologies for social well-being and social inclusion.","create"
4,3,"Inglés",8,2,"propose new ideas and processes to the field.","propose"
4,4,"Español",1,1,"Reconocer los impactos medioambientales simples de las tecnologías digitales y su uso.","Reconocer"
4,4,"Español",2,1,"Reconocer los impactos medioambientales simples de las tecnologías digitales y su uso.","Reconocer"
4,4,"Español",3,1,"Indicar impactos medioambientales bien definidos y rutinarios de las tecnologías digitales y su uso.","Indicar"
4,4,"Español",4,1,"Debatir las formas de proteger el medio ambiente del impacto de las tecnologías digitales y su uso.","Debatir"
4,4,"Español",5,1,"Mostrar diferentes formas de proteger el medio ambiente del impacto de las tecnologías digitales y su uso.","Mostrar"
4,4,"Español",6,1,"Elegir las soluciones más adecuadas para proteger el medio ambiente del impacto de las tecnologías digitales y su uso.","Elegir"
4,4,"Español",7,1,"Crear soluciones a problemas complejos de definición limitada que estén relacionados con la protección del medio ambiente frente al impacto de las tecnologías digitales y su uso.","Crear"
4,4,"Español",7,2,"Integrar mis conocimientos para contribuir a la práctica profesional y al conocimiento y orientar a otros en la protección del medio ambiente.","Integrar"
4,4,"Español",8,1,"Crear soluciones para resolver problemas complejos con muchos factores que interactúan y que están relacionados con la protección del medio ambiente del impacto de las tecnologías digitales y su uso.","Crear"
4,4,"Español",8,2,"Proponer nuevas ideas y procesos en el sector.","Proponer"
4,4,"Inglés",1,1,"recognise simple environmental impacts of digital technologies and their use.","recognise"
4,4,"Inglés",2,1,"recognise simple environmental impacts of digital technologies and their use.","recognise"
4,4,"Inglés",3,1,"indicate well-defined and routine environmental impacts of digital technologies and their use.","indicate, routine"
4,4,"Inglés",4,1,"discuss ways to protect the environment from the impact of digital technologies and their use.","discuss"
4,4,"Inglés",5,1,"show different ways to protect the environment from the impact of digital technologies and their use.","show"
4,4,"Inglés",6,1,"choose the most appropriate solutions to protect the environment from the impact of digital technologies and their use.","choose"
4,4,"Inglés",7,1,"create solutions to complex problems with limited definition that are related to protecting the environment from the impact of digital technologies and their use.","create"
4,4,"Inglés",7,2,"integrate my knowledge to contribute to professional practice and knowledge and guide others in protecting the environment.","integrate, guide"
4,4,"Inglés",8,1,"create solutions to solve complex problems with many interacting factors that are related to protecting the environment from the impact of digital technologies and their use.","create"
4,4,"Inglés",8,2,"propose new ideas and processes to the field.","propose"
5,1,"Español",1,1,"Identificar problemas técnicos sencillos al manejar dispositivos y utilizar entornos digitales.","Identificar"
5,1,"Español",1,2,"Identificar soluciones sencillas para resolverlos","Identificar"
5,1,"Español",2,1,"Identificar problemas técnicos sencillos al manejar dispositivos y utilizar entornos digitales.","Identificar"
5,1,"Español",2,2,"Identificar soluciones sencillas para resolverlos.","Identificar"
5,1,"Español",3,1,"Indicar problemas técnicos bien definidos y rutinarios al manejar dispositivos y utilizar entornos digitales.","Indicar"
5,1,"Español",3,2,"Seleccionar soluciones bien definidas y rutinarias para ellos.","Seleccionar"
5,1,"Español",4,1,"Evaluar los problemas técnicos al utilizar entornos digitales y manejar dispositivos digitales.","Evaluar"
5,1,"Español",4,2,"Aplicarles diferentes soluciones.","Aplicarles"
5,1,"Español",5,1,"Valorar los problemas técnicos en el manejo de dispositivos y en la utilización de entornos digitales.","Valorar"
5,1,"Español",5,2,"Resolverlos con las soluciones más adecuadas.","Resolverlos"
5,1,"Español",6,1,"Apreciar problemas técnicos mientras utilizo dispositivos y tecnologías digitales.","Apreciar"
5,1,"Español",6,2,"Resolverlos con las soluciones más adecuadas.","Resolverlos"
5,1,"Español",7,1,"Crear soluciones a problemas complejos de definición limitada relacionados con problemas técnicos en el manejo de dispositivos y en el uso de entornos digitales.","Crear"
5,1,"Español",7,2,"Integrar mis conocimientos para contribuir a la práctica profesional y al conocimiento y guiar a otros en la resolución de problemas técnicos.","Integrar"
5,1,"Español",8,1,"Crear soluciones para resolver problemas complejos con muchos factores que interactúan entre sí y que están relacionados con problemas técnicos cuando se manejan dispositivos y se utilizan entornos digitales.","Crear"
5,1,"Español",8,2,"Proponer nuevas ideas y procesos en el sector.","Proponer"
5,1,"Inglés",1,1,"identify simple technical problems when operating devices and using digital environments.","identify"
5,1,"Inglés",1,2,"identify simple solutions to solve them.","identify"
5,1,"Inglés",2,1,"identify simple technical problems when operating devices and using digital environments.","identify"
5,1,"Inglés",2,2,"identify simple solutions to solve them.","identify"
5,1,"Inglés",3,1,"indicate well-defined and routine technical problems when operating devices and using digital environments.","indicate, routine"
5,1,"Inglés",3,2,"select well-defined and routine solutions to them.","select, routine"
5,1,"Inglés",4,1,"differentiate technical problems when operating devices and using digital environments.","differentiate"
5,1,"Inglés",4,2,"select solutions to them.","select"
5,1,"Inglés",5,1,"assess technical problems when using digital environments and operating digital devices.","assess"
5,1,"Inglés",5,2,"apply different solutions to them.","apply"
5,1,"Inglés",6,1,"appraise technical problems when operating devices and using digital enviroments,","appraise"
5,1,"Inglés",6,2,"resolve them with the most appropiate solutions.","resolve"
5,1,"Inglés",7,1,"create solutions to complex problems with limited definition that are related to technical problems when operating devices and using digital environments.","create"
5,1,"Inglés",7,2,"integrate my knowledge to contribute to professional practice and knowledge and to guide others in solving technical problems.","integrate, guide"
5,1,"Inglés",8,1,"create solutions to solve complex problems with many interacting factors that are related to technical problems when operating devices and using digital environments.","create"
5,1,"Inglés",8,2,"propose new ideas and processes to the field.","propose"
5,2,"Español",1,1,"Identificar las necesidades.","Identificar"
5,2,"Español",1,2,"Reconocer herramientas digitales sencillas y posibles respuestas tecnológicas para resolver esas necesidades.","Reconocer"
5,2,"Español",1,3,"Elegir formas sencillas de ajustar y personalizar los entornos digitales a las necesidades personales.","Elegir"
5,2,"Español",2,1,"Identificar las necesidades.","Identificar"
5,2,"Español",2,2,"Reconocer herramientas digitales sencillas y posibles respuestas tecnológicas para resolver esas necesidades.","Reconocer"
5,2,"Español",2,3,"Elegir formas sencillas de ajustar y personalizar los entornos digitales a las necesidades personales.","Elegir"
5,2,"Español",3,1,"Indicar necesidades bien definidas y rutinarias.","Indicar"
5,2,"Español",3,2,"Seleccionar herramientas digitales bien definidas y rutinarias y posibles respuestas tecnológicas para resolver esas necesidades.","Seleccionar"
5,2,"Español",3,3,"Seleccionar formas bien definidas y rutinarias de ajustar y personalizar los entornos digitales a las necesidades personales.","Seleccionar"
5,2,"Español",4,1,"Explicar las necesidades.","Explicar"
5,2,"Español",4,2,"Aplicar diferentes herramientas digitales y posibles respuestas tecnológicas para resolver esas necesidades.","Seleccionar"
5,2,"Español",4,3,"Utilizar diferentes formas de ajustar y personalizar los entornos digitales a las necesidades personales.","Seleccionar"
5,2,"Español",5,1,"Evaluar las necesidades.","Evaluar"
5,2,"Español",5,2,"Aplicar diferentes herramientas digitales y posibles respuestas tecnológicas para resolver esas necesidades.","Aplicar"
5,2,"Español",5,3,"Utilizar diferentes formas de ajustar y personalizar los entornos digitales a las necesidades personales.","Utilizar"
5,2,"Español",6,1,"Evaluar las necesidades.","Evaluar"
5,2,"Español",6,2,"Elegir las herramientas digitales más adecuadas y las posibles respuestas tecnológicas para resolver esas necesidades.","Elegir"
5,2,"Español",6,3,"Decidir las formas más adecuadas de ajustar y personalizar los entornos digitales a las necesidades personales.","Decidir"
5,2,"Español",7,1,"Crear soluciones a problemas complejos de definición limitada utilizando herramientas digitales y posibles respuestas tecnológicas, y adaptar y personalizar los entornos digitales a las necesidades personales.","Crear"
5,2,"Español",7,2,"Integrar mis conocimientos para contribuir a la práctica profesional y al conocimiento y guiar a otros en la identificación de necesidades y respuestas tecnológicas.","Integrar"
5,2,"Español",8,1,"Crear soluciones para resolver problemas complejos con muchos factores en interacción utilizando herramientas digitales y posibles respuestas tecnológicas, y adaptar y personalizar los entornos digitales a las necesidades personales.","Crear"
5,2,"Español",8,2,"Puedo proponer nuevas ideas y procesos al campo.","Proponer"
5,2,"Inglés",1,1,"identify needs, and","identify"
5,2,"Inglés",1,2,"recognise simple digital tools and possible technological responses to solve those needs.","recognise"
5,2,"Inglés",1,3,"choose simple ways to adjust and customise digital environments to personal needs.","choose"
5,2,"Inglés",2,1,"identify needs, and","identify"
5,2,"Inglés",2,2,"recognise simple digital tools and possible technological responses to solve those needs.","recognise"
5,2,"Inglés",2,3,"choose simple ways to adjust and customise digital environments to personal needs.","choose"
5,2,"Inglés",3,1,"indicate well-defined and routine needs, and","indicate, routine"
5,2,"Inglés",3,2,"select well-define and routine digital tools and possible technological responses to solve those needs.","select, routine"
5,2,"Inglés",3,3,"select well-defined and routine ways to adjust and customise digital environments to personal needs.","select, routine"
5,2,"Inglés",4,1,"explain needs, and","explain"
5,2,"Inglés",4,2,"select digital tools and possible technological responses to solve those needs.","select"
5,2,"Inglés",4,3,"select ways to adjust and customise digital environments to personal needs.","select"
5,2,"Inglés",5,1,"assess needs,","assess"
5,2,"Inglés",5,2,"apply different digital tools and possible technological responses to solve those needs.","apply"
5,2,"Inglés",5,3,"use different ways to adjust and customise digital environments to personal needs.","use"
5,2,"Inglés",6,1,"assess needs,","assess"
5,2,"Inglés",6,2,"choose the most appropriate digital tools and possible technological responses to solve those needs.","choose"
5,2,"Inglés",6,3,"decide the most appropriate ways to adjust and customise digital environments to personal needs","decide"
5,2,"Inglés",7,1,"create solutions to complex problems with limited definition using digital tools and possible technological responses, and to adapt and customise digital environments to personal needs.","create"
5,2,"Inglés",7,2,"integrate my knowledge to contribute to professional practice and knowledge and guide others in identifying needs and technological responses.","integrate, guide"
5,2,"Inglés",8,1,"create solutions to solve complex problems with many interacting factors using digital tools and possible technological responses, and to adapt and customise digital environments to personal needs.","create"
5,2,"Inglés",8,2,"I can propose new ideas and processes to the field.","propose"
5,3,"Español",1,1,"Identificar herramientas y tecnologías digitales sencillas que puedan utilizarse para crear conocimiento e innovar procesos y productos.","Identificar"
5,3,"Español",1,2,"Mostrar interés de forma individual y colectiva en el procesamiento cognitivo simple para comprender y resolver problemas conceptuales sencillos y situaciones problemáticas en entornos digitales.","Mostrar"
5,3,"Español",2,1,"Identificar herramientas y tecnologías digitales sencillas que puedan utilizarse para crear conocimiento e innovar procesos y productos.","Identificar"
5,3,"Español",2,2,"Mostrar interés de forma individual y colectiva en el procesamiento cognitivo simple para comprender y resolver problemas conceptuales sencillos y situaciones problemáticas en entornos digitales.","Mostrar"
5,3,"Español",3,1,"Seleccionar las herramientas y tecnologías digitales que pueden utilizarse para crear conocimientos y procesos y productos innovadores bien definidos.","Seleccionar"
5,3,"Español",3,2,"Participar individual y colectivamente en algún tipo de procesamiento cognitivo para comprender y resolver problemas conceptuales y situaciones problemáticas bien definidas y rutinarias en entornos digitales.","Participar"
5,3,"Español",4,1,"Diferenciar las herramientas y tecnologías digitales que pueden utilizarse para crear conocimiento e innovar procesos y productos.","Diferenciar"
5,3,"Español",4,2,"Participar individual y colectivamente en el procesamiento cognitivo para comprender y resolver problemas conceptuales y situaciones problemáticas en entornos digitales.","Participar"
5,3,"Español",5,1,"Aplicar diferentes herramientas y tecnologías digitales para crear conocimientos y procesos y productos innovadores.","Aplicar"
5,3,"Español",5,2,"Aplicar individual y colectivamente el procesamiento cognitivo para resolver diferentes problemas conceptuales y situaciones problemáticas en entornos digitales.","Aplicar"
5,3,"Español",6,1,"Adaptar las herramientas y tecnologías digitales más adecuadas para crear conocimiento e innovar en los procesos y productos.","Adaptar"
5,3,"Español",6,2,"Resolver individual y colectivamente problemas conceptuales y situaciones problemáticas en entornos digitales.","Resolver"
5,3,"Español",7,1,"Crear soluciones a problemas complejos de definición limitada utilizando herramientas y tecnologías digitales.","Crear"
5,3,"Español",7,2,"Integrar mis conocimientos para contribuir a la práctica profesional y al conocimiento y guiar a otros en el uso creativo de las tecnologías digitales.","Integrar"
5,3,"Español",8,1,"Crear soluciones para resolver problemas complejos con muchos factores que interactúan utilizando herramientas y tecnologías digitales.","Crear"
5,3,"Español",8,2,"Proponer nuevas ideas y procesos en el sector.","Proponer"
5,3,"Inglés",1,1,"identify simple digital tools and technologies that can be used to create knowledge and to innovate processes and products.","identify"
5,3,"Inglés",1,2,"show interest individually and collectively in simple cognitive processing to understand and resolve simple conceptual problems and problem situations in digital environments.","show"
5,3,"Inglés",2,1,"identify simple digital tools and technologies that can be used to create knowledge and to innovate processes and products.","identify"
5,3,"Inglés",2,2,"follow individually and collectively simple cognitive processing to understand and resolve simple conceptual problems and problem situations in digital environments.","follow"
5,3,"Inglés",3,1,"select digital tools and technologies that can be used to create well-defined knowledge and well-defined innovative processes and products.","select"
5,3,"Inglés",3,2,"engage individually and collectively in some cognitive processing to understand and resolve well-defined and routine conceptual problems and problem situations in digital environments.","engage"
5,3,"Inglés",4,1,"differentiate digital tools and technologies that can be used to create knowledge and to innovate processes and products.","differentiate"
5,3,"Inglés",4,2,"engage individually and collectively in cognitive processing to understand and resolve conceptual problems and problem situations in digital environments.","engage"
5,3,"Inglés",5,1,"apply different digital tools and technologies to create knowledge and innovative processes and products.","apply"
5,3,"Inglés",5,2,"apply individually and collectively cognitive processing to resolve different conceptual problems and problem situations in digital environments.","apply"
5,3,"Inglés",6,1,"adapt the most appropriate digital tools and technologies to create knowledge and to innovate processes and products.","adapt"
5,3,"Inglés",6,2,"resolve individually and collectively conceptual problems and problem situations in digital environments.","resolve"
5,3,"Inglés",7,1,"create solutions to complex problems with limited definition using digital tools and technologies.","create"
5,3,"Inglés",7,2,"integrate my knowledge to contribute to professional practice and knowledge and guide others in creatively using digital technologies.","integrate, guide"
5,3,"Inglés",8,1,"create solutions to solve complex problems with many interacting factors using digital tools and technologies.","create"
5,3,"Inglés",8,2,"propose new ideas and processes to the field.","propose"
5,4,"Español",1,1,"Reconocer dónde debo mejorar o actualizar mi propia competencia digital.","Reconocer"
5,4,"Español",1,2,"Identificar dónde buscar oportunidades de autodesarrollo y mantenerse al día con la evolución digital.","Identificar"
5,4,"Español",2,1,"Reconocer dónde debo mejorar o actualizar mi propia competencia digital.","Reconocer"
5,4,"Español",2,2,"Identificar dónde buscar oportunidades de autodesarrollo y mantenerse al día con la evolución digital.","Identificar"
5,4,"Español",3,1,"Explicar en qué aspectos es necesario mejorar o actualizar mi competencia digital.","Explicar"
5,4,"Español",3,2,"Indicar dónde buscar oportunidades bien definidas de autodesarrollo y mantenerse al día con la evolución digital.","Indicar"
5,4,"Español",4,1,"Debatir sobre los aspectos en los que es necesario mejorar o actualizar mi competencia digital.","Debatir"
5,4,"Español",4,2,"Indicar cómo apoyar a otros para que desarrollen su competencia digital.","Indicar"
5,4,"Español",4,3,"Indicar dónde buscar oportunidades de autodesarrollo y mantenerse al día con la evolución digital.","Indicar"
5,4,"Español",5,1,"Demostrar en qué aspectos debo mejorar o actualizar mi propia competencia digital.","Demostrar"
5,4,"Español",5,2,"Ilustrar diferentes maneras de apoyar a otros en el desarrollo de su competencia digital.","Ilustrar"
5,4,"Español",5,3,"Proponer diferentes oportunidades encontradas para el autodesarrollo y para mantenerse al día con la evolución digital.","Proponer"
5,4,"Español",6,1,"Decidir cuáles son las formas más adecuadas para mejorar o actualizar las propias necesidades de competencia digital.","Decidir"
5,4,"Español",6,2,"Evaluar el desarrollo de la competencia digital de los demás.","Evaluar"
5,4,"Español",6,3,"Elegir las oportunidades más adecuadas para el autodesarrollo y mantenerse al día con los nuevos avances.","Elegir"
5,4,"Español",7,1,"Crear soluciones a problemas complejos de definición limitada que estén relacionados con la mejora de la competencia digital, y encontrar oportunidades de autodesarrollo y mantenerse al día de los nuevos avances.","Crear"
5,4,"Español",7,2,"Integrar mis conocimientos para contribuir a la práctica y el conocimiento profesionales y orientar a otros en la identificación de las lagunas de la competencia digital.","Integrar"
5,4,"Español",8,1,"Crear soluciones para resolver problemas complejos con muchos factores que interactúan y que están relacionados con la mejora de la competencia digital, y encontrar oportunidades de autodesarrollo y mantenerse al día con la evolución digital.","Crear"
5,4,"Español",8,2,"Proponer nuevas ideas y procesos en el sector.","Proponer"
5,4,"Inglés",1,1,"recognise where my own digital competence needs to be improved or updated.","recognise"
5,4,"Inglés",1,2,"identify where to seek opportunities for self-developments and to keep up-to-date with the digital evolution.","identify"
5,4,"Inglés",2,1,"recognise where my own digital competence needs to be improved or updated,","recognise"
5,4,"Inglés",2,2,"identify where to seek opportunities for self-developments and to keep up-to-date with the digital evolution.","identify"
5,4,"Inglés",3,1,"explain where my digital competence needs to be improved or updated,","explain"
5,4,"Inglés",3,2,"indicate where to seek well-defined opportunities for self-developments and to keep up-to-date with the digital evolution.","indicate"
5,4,"Inglés",4,1,"discuss on where my digital competence needs to be improved or updated,","discuss"
5,4,"Inglés",4,2,"indicate how to support others to develop their digital competence.","indicate"
5,4,"Inglés",4,3,"indicate where to seek opportunities for self-developments and to keep up-to-date with the digital evolution.","indicate"
5,4,"Inglés",5,1,"demonstrate where my own digital competence needs to be improved or updated,","demonstrate"
5,4,"Inglés",5,2,"illustrate different ways to support others in the development of their digital competence.","illustrate"
5,4,"Inglés",5,3,"propose different opportunities found for self-development and to keep up-to-date with the digital evolution.","propose"
5,4,"Inglés",6,1,"decide which are the most appropriate ways to improve or update one’s own digital competence needs,","decide"
5,4,"Inglés",6,2,"assess the development of others’ digital competence.","assess"
5,4,"Inglés",6,3,"choose the most appropriate opportunities for self-development and to keep up-to date with new developments.","choose"
5,4,"Inglés",7,1,"create solutions to complex problems with limited definition that are related to improving digital competence, and to find opportunities for self-development and to keep up-to-date with new developments.","create"
5,4,"Inglés",7,2,"integrate my knowledge to contribute to professional practice and knowledge and to guide others in identifying digital competence gaps.","integrate, guide"
5,4,"Inglés",8,1,"create solutions to solve complex problems with many interacting factors that are related to improving digital competence, and to find opportunities for self-development and to keep up-to-date with the digital evolution.","create"
5,4,"Inglés",8,2,"propose new ideas and processes to the field.","propose"
